employee_id,ad_account,aws_account,okta_account
EMP_1000,johnan_77,arn:aws:iam::112233445566:user/johnanderson,johnanderson@enterprise.com
EMP_1001,charle_50,arn:aws:iam::112233445566:user/charlesmiller,charlesmiller@enterprise.com
EMP_1002,michae_99,arn:aws:iam::112233445566:user/michaeldavis,michaeldavis@enterprise.com
EMP_1003,charle_63,arn:aws:iam::112233445566:user/charlesmartinez,charlesmartinez@enterprise.com
EMP_1004,charle_62,arn:aws:iam::112233445566:user/charlesmartinez,charlesmartinez@enterprise.com
EMP_1005,emilyb_29,arn:aws:iam::112233445566:user/emilybrown,emilybrown@enterprise.com
EMP_1006,willia_ad,arn:aws:iam::112233445566:user/williammartin,williammartin@enterprise.com
EMP_1007,lindat_58,arn:aws:iam::112233445566:user/lindataylor,lindataylor@enterprise.com
EMP_1008,joseph_33,arn:aws:iam::112233445566:user/josephrodriguez,josephrodriguez@enterprise.com
EMP_1009,davidr_78,arn:aws:iam::112233445566:user/davidrodriguez,davidrodriguez@enterprise.com
EMP_1010,joseph_70,arn:aws:iam::112233445566:user/josephmoore,josephmoore@enterprise.com
EMP_1011,davidm_40,arn:aws:iam::112233445566:user/davidmoore,davidmoore@enterprise.com
EMP_1012,davidw_38,arn:aws:iam::112233445566:user/davidwilson,davidwilson@enterprise.com
EMP_1013,janelo_48,arn:aws:iam::112233445566:user/janelopez,janelopez@enterprise.com
EMP_1014,richar_28,arn:aws:iam::112233445566:user/richardmoore,richardmoore@enterprise.com
EMP_1015,davidd_69,arn:aws:iam::112233445566:user/daviddavis,daviddavis@enterprise.com
EMP_1016,johnga_17,arn:aws:iam::112233445566:user/johngarcia,johngarcia@enterprise.com
EMP_1017,robert_81,arn:aws:iam::112233445566:user/robertrodriguez,robertrodriguez@enterprise.com
EMP_1018,janeth_62,arn:aws:iam::112233445566:user/janethomas,janethomas@enterprise.com
EMP_1019,willia_63,arn:aws:iam::112233445566:user/williamdavis,williamdavis@enterprise.com
EMP_1020,barbar_81,arn:aws:iam::112233445566:user/barbararodriguez,barbararodriguez@enterprise.com
EMP_1021,margar_77,arn:aws:iam::112233445566:user/margaretgonzalez,margaretgonzalez@enterprise.com
EMP_1022,emilyr_27,arn:aws:iam::112233445566:user/emilyrodriguez,emilyrodriguez@enterprise.com
EMP_1023,christ_59,arn:aws:iam::112233445566:user/christopherwilson,christopherwilson@enterprise.com
EMP_1024,christ_41,arn:aws:iam::112233445566:user/christophertaylor,christophertaylor@enterprise.com
EMP_1025,lindaj_42,arn:aws:iam::112233445566:user/lindajohnson,lindajohnson@enterprise.com
EMP_1026,charle_ad,arn:aws:iam::112233445566:user/charlesmiller,charlesmiller@enterprise.com
EMP_1027,christ_52,arn:aws:iam::112233445566:user/christopherhernandez,christopherhernandez@enterprise.com
EMP_1028,margar_92,arn:aws:iam::112233445566:user/margaretmartinez,margaretmartinez@enterprise.com
EMP_1029,willia_20,arn:aws:iam::112233445566:user/williammoore,williammoore@enterprise.com
EMP_1030,maryga_67,arn:aws:iam::112233445566:user/marygarcia,marygarcia@enterprise.com
EMP_1031,charle_57,arn:aws:iam::112233445566:user/charlessmith,charlessmith@enterprise.com
EMP_1032,jessic_21,arn:aws:iam::112233445566:user/jessicamartin,jessicamartin@enterprise.com
EMP_1033,susanm_78,arn:aws:iam::112233445566:user/susanmiller,susanmiller@enterprise.com
EMP_1034,michae_34,arn:aws:iam::112233445566:user/michaelmartinez,michaelmartinez@enterprise.com
EMP_1035,robert_16,arn:aws:iam::112233445566:user/robertmartinez,robertmartinez@enterprise.com
EMP_1036,janeda_44,arn:aws:iam::112233445566:user/janedavis,janedavis@enterprise.com
EMP_1037,joseph_58,arn:aws:iam::112233445566:user/josephjackson,josephjackson@enterprise.com
EMP_1038,robert_96,arn:aws:iam::112233445566:user/robertjones,robertjones@enterprise.com
EMP_1039,emilyw_87,arn:aws:iam::112233445566:user/emilywilson,emilywilson@enterprise.com
EMP_1040,janemo_87,arn:aws:iam::112233445566:user/janemoore,janemoore@enterprise.com
EMP_1041,susant_15,arn:aws:iam::112233445566:user/susantaylor,susantaylor@enterprise.com
EMP_1042,susanm_19,arn:aws:iam::112233445566:user/susanmartin,susanmartin@enterprise.com
EMP_1043,charle_34,arn:aws:iam::112233445566:user/charlesanderson,charlesanderson@enterprise.com
EMP_1044,robert_85,arn:aws:iam::112233445566:user/robertrodriguez,robertrodriguez@enterprise.com
EMP_1045,robert_95,arn:aws:iam::112233445566:user/robertrodriguez,robertrodriguez@enterprise.com
EMP_1046,robert_81,arn:aws:iam::112233445566:user/robertrodriguez,robertrodriguez@enterprise.com
EMP_1047,davidj_37,arn:aws:iam::112233445566:user/davidjones,davidjones@enterprise.com
EMP_1048,jamesw_71,arn:aws:iam::112233445566:user/jameswilliams,jameswilliams@enterprise.com
EMP_1049,susanw_36,arn:aws:iam::112233445566:user/susanwilson,susanwilson@enterprise.com
EMP_1050,jessic_52,arn:aws:iam::112233445566:user/jessicasmith,jessicasmith@enterprise.com
EMP_1051,johnlo_48,arn:aws:iam::112233445566:user/johnlopez,johnlopez@enterprise.com
EMP_1052,charle_11,arn:aws:iam::112233445566:user/charlesmartin,charlesmartin@enterprise.com
EMP_1053,joseph_37,arn:aws:iam::112233445566:user/josephthomas,josephthomas@enterprise.com
EMP_1054,maryga_34,arn:aws:iam::112233445566:user/marygarcia,marygarcia@enterprise.com
EMP_1055,charle_ad,arn:aws:iam::112233445566:user/charlessmith,charlessmith@enterprise.com
EMP_1056,michae_71,arn:aws:iam::112233445566:user/michaelwilson,michaelwilson@enterprise.com
EMP_1057,lindag_41,arn:aws:iam::112233445566:user/lindagonzalez,lindagonzalez@enterprise.com
EMP_1058,barbar_99,arn:aws:iam::112233445566:user/barbaragonzalez,barbaragonzalez@enterprise.com
EMP_1059,michae_87,arn:aws:iam::112233445566:user/michaelthomas,michaelthomas@enterprise.com
EMP_1060,michae_36,arn:aws:iam::112233445566:user/michaeljohnson,michaeljohnson@enterprise.com
EMP_1061,jamess_60,arn:aws:iam::112233445566:user/jamessmith,jamessmith@enterprise.com
EMP_1062,thomas_40,arn:aws:iam::112233445566:user/thomasbrown,thomasbrown@enterprise.com
EMP_1063,lindal_80,arn:aws:iam::112233445566:user/lindalopez,lindalopez@enterprise.com
EMP_1064,emilyj_51,arn:aws:iam::112233445566:user/emilyjackson,emilyjackson@enterprise.com
EMP_1065,jamesw_46,arn:aws:iam::112233445566:user/jameswilliams,jameswilliams@enterprise.com
EMP_1066,willia_58,arn:aws:iam::112233445566:user/williammartin,williammartin@enterprise.com
EMP_1067,test-sa-577,arn:aws:iam::112233445566:user/charleswilson,charleswilson@enterprise.com
EMP_1068,barbar_78,arn:aws:iam::112233445566:user/barbarasmith,barbarasmith@enterprise.com
EMP_1069,joseph_93,arn:aws:iam::112233445566:user/josephlopez,josephlopez@enterprise.com
EMP_1070,saraht_55,arn:aws:iam::112233445566:user/sarahtaylor,sarahtaylor@enterprise.com
EMP_1071,thomas_49,arn:aws:iam::112233445566:user/thomasanderson,thomasanderson@enterprise.com
EMP_1072,robert_43,arn:aws:iam::112233445566:user/robertwilliams,robertwilliams@enterprise.com
EMP_1073,susanj_56,arn:aws:iam::112233445566:user/susanjackson,susanjackson@enterprise.com
EMP_1074,johnth_75,arn:aws:iam::112233445566:user/johnthomas,johnthomas@enterprise.com
EMP_1075,jamesl_73,arn:aws:iam::112233445566:user/jameslopez,jameslopez@enterprise.com
EMP_1076,christ_69,arn:aws:iam::112233445566:user/christopherrodriguez,christopherrodriguez@enterprise.com
EMP_1077,michae_22,arn:aws:iam::112233445566:user/michaeldavis,michaeldavis@enterprise.com
EMP_1078,robert_70,arn:aws:iam::112233445566:user/robertthomas,robertthomas@enterprise.com
EMP_1079,johnwi_50,arn:aws:iam::112233445566:user/johnwilliams,johnwilliams@enterprise.com
EMP_1080,robert_36,arn:aws:iam::112233445566:user/robertmartinez,robertmartinez@enterprise.com
EMP_1081,test-sa-479,arn:aws:iam::112233445566:user/charlestaylor,charlestaylor@enterprise.com
EMP_1082,richar_50,arn:aws:iam::112233445566:user/richardanderson,richardanderson@enterprise.com
EMP_1083,emilym_62,arn:aws:iam::112233445566:user/emilymiller,emilymiller@enterprise.com
EMP_1084,sarahm_15,arn:aws:iam::112233445566:user/sarahmiller,sarahmiller@enterprise.com
EMP_1085,jessic_82,arn:aws:iam::112233445566:user/jessicataylor,jessicataylor@enterprise.com
EMP_1086,jamesm_38,arn:aws:iam::112233445566:user/jamesmartinez,jamesmartinez@enterprise.com
EMP_1087,johnmo_28,arn:aws:iam::112233445566:user/johnmoore,johnmoore@enterprise.com
EMP_1088,charle_12,arn:aws:iam::112233445566:user/charlesmartinez,charlesmartinez@enterprise.com
EMP_1089,thomas_43,arn:aws:iam::112233445566:user/thomasbrown,thomasbrown@enterprise.com
EMP_1090,thomas_80,arn:aws:iam::112233445566:user/thomasthomas,thomasthomas@enterprise.com
EMP_1091,lindat_84,arn:aws:iam::112233445566:user/lindathomas,lindathomas@enterprise.com
EMP_1092,michae_84,arn:aws:iam::112233445566:user/michaeljackson,michaeljackson@enterprise.com
EMP_1093,davidj_63,arn:aws:iam::112233445566:user/davidjackson,davidjackson@enterprise.com
EMP_1094,charle_ad,arn:aws:iam::112233445566:user/charleswilson,charleswilson@enterprise.com
EMP_1095,margar_29,arn:aws:iam::112233445566:user/margaretgonzalez,margaretgonzalez@enterprise.com
EMP_1096,jessic_35,arn:aws:iam::112233445566:user/jessicawilson,jessicawilson@enterprise.com
EMP_1097,christ_52,arn:aws:iam::112233445566:user/christopherbrown,christopherbrown@enterprise.com
EMP_1098,lindaw_39,arn:aws:iam::112233445566:user/lindawilliams,lindawilliams@enterprise.com
EMP_1099,michae_58,arn:aws:iam::112233445566:user/michaelgarcia,michaelgarcia@enterprise.com
EMP_1100,christ_82,arn:aws:iam::112233445566:user/christopherthomas,christopherthomas@enterprise.com
EMP_1101,test-sa-953,arn:aws:iam::112233445566:user/williamanderson,williamanderson@enterprise.com
EMP_1102,jessic_41,arn:aws:iam::112233445566:user/jessicamiller,jessicamiller@enterprise.com
EMP_1103,davidr_73,arn:aws:iam::112233445566:user/davidrodriguez,davidrodriguez@enterprise.com
EMP_1104,sarahm_80,arn:aws:iam::112233445566:user/sarahmartinez,sarahmartinez@enterprise.com
EMP_1105,susanb_93,arn:aws:iam::112233445566:user/susanbrown,susanbrown@enterprise.com
EMP_1106,maryro_ad,arn:aws:iam::112233445566:user/maryrodriguez,maryrodriguez@enterprise.com
EMP_1107,test-sa-445,arn:aws:iam::112233445566:user/christopherjohnson,christopherjohnson@enterprise.com
EMP_1108,lindas_42,arn:aws:iam::112233445566:user/lindasmith,lindasmith@enterprise.com
EMP_1109,jessic_72,arn:aws:iam::112233445566:user/jessicajackson,jessicajackson@enterprise.com
EMP_1110,test-sa-840,arn:aws:iam::112233445566:user/sarahthomas,sarahthomas@enterprise.com
EMP_1111,test-sa-757,arn:aws:iam::112233445566:user/sarahjackson,sarahjackson@enterprise.com
EMP_1112,michae_72,arn:aws:iam::112233445566:user/michaelthomas,michaelthomas@enterprise.com
EMP_1113,emilyg_68,arn:aws:iam::112233445566:user/emilygarcia,emilygarcia@enterprise.com
EMP_1114,willia_31,arn:aws:iam::112233445566:user/williamgonzalez,williamgonzalez@enterprise.com
EMP_1115,michae_55,arn:aws:iam::112233445566:user/michaelhernandez,michaelhernandez@enterprise.com
EMP_1116,maryta_31,arn:aws:iam::112233445566:user/marytaylor,marytaylor@enterprise.com
EMP_1117,charle_27,arn:aws:iam::112233445566:user/charlesanderson,charlesanderson@enterprise.com
EMP_1118,richar_79,arn:aws:iam::112233445566:user/richardmartin,richardmartin@enterprise.com
EMP_1119,janemi_72,arn:aws:iam::112233445566:user/janemiller,janemiller@enterprise.com
EMP_1120,susant_33,arn:aws:iam::112233445566:user/susanthomas,susanthomas@enterprise.com
EMP_1121,robert_79,arn:aws:iam::112233445566:user/robertgarcia,robertgarcia@enterprise.com
EMP_1122,joseph_92,arn:aws:iam::112233445566:user/josephwilliams,josephwilliams@enterprise.com
EMP_1123,test-sa-160,arn:aws:iam::112233445566:user/davidthomas,davidthomas@enterprise.com
EMP_1124,lindaw_77,arn:aws:iam::112233445566:user/lindawilson,lindawilson@enterprise.com
EMP_1125,susanm_14,arn:aws:iam::112233445566:user/susanmoore,susanmoore@enterprise.com
EMP_1126,margar_19,arn:aws:iam::112233445566:user/margaretjones,margaretjones@enterprise.com
EMP_1127,test-sa-937,arn:aws:iam::112233445566:user/josephhernandez,josephhernandez@enterprise.com
EMP_1128,johnma_95,arn:aws:iam::112233445566:user/johnmartinez,johnmartinez@enterprise.com
EMP_1129,davida_ad,arn:aws:iam::112233445566:user/davidanderson,davidanderson@enterprise.com
EMP_1130,charle_10,arn:aws:iam::112233445566:user/charlesgonzalez,charlesgonzalez@enterprise.com
EMP_1131,robert_62,arn:aws:iam::112233445566:user/robertjackson,robertjackson@enterprise.com
EMP_1132,barbar_27,arn:aws:iam::112233445566:user/barbarathomas,barbarathomas@enterprise.com
EMP_1133,davidt_90,arn:aws:iam::112233445566:user/davidthomas,davidthomas@enterprise.com
EMP_1134,barbar_39,arn:aws:iam::112233445566:user/barbarabrown,barbarabrown@enterprise.com
EMP_1135,susans_18,arn:aws:iam::112233445566:user/susansmith,susansmith@enterprise.com
EMP_1136,davidw_ad,arn:aws:iam::112233445566:user/davidwilliams,davidwilliams@enterprise.com
EMP_1137,marywi_11,arn:aws:iam::112233445566:user/marywilliams,marywilliams@enterprise.com
EMP_1138,barbar_37,arn:aws:iam::112233445566:user/barbarathomas,barbarathomas@enterprise.com
EMP_1139,michae_74,arn:aws:iam::112233445566:user/michaeldavis,michaeldavis@enterprise.com
EMP_1140,michae_68,arn:aws:iam::112233445566:user/michaelwilson,michaelwilson@enterprise.com
EMP_1141,test-sa-482,arn:aws:iam::112233445566:user/williamsmith,williamsmith@enterprise.com
EMP_1142,richar_17,arn:aws:iam::112233445566:user/richardlopez,richardlopez@enterprise.com
EMP_1143,joseph_89,arn:aws:iam::112233445566:user/josephjackson,josephjackson@enterprise.com
EMP_1144,michae_ad,arn:aws:iam::112233445566:user/michaelmartin,michaelmartin@enterprise.com
EMP_1145,davidd_95,arn:aws:iam::112233445566:user/daviddavis,daviddavis@enterprise.com
EMP_1146,lindas_88,arn:aws:iam::112233445566:user/lindasmith,lindasmith@enterprise.com
EMP_1147,charle_71,arn:aws:iam::112233445566:user/charlesgarcia,charlesgarcia@enterprise.com
EMP_1148,willia_94,arn:aws:iam::112233445566:user/williamwilson,williamwilson@enterprise.com
EMP_1149,willia_72,arn:aws:iam::112233445566:user/williammiller,williammiller@enterprise.com
EMP_1150,maryja_12,arn:aws:iam::112233445566:user/maryjackson,maryjackson@enterprise.com
EMP_1151,willia_10,arn:aws:iam::112233445566:user/williamsmith,williamsmith@enterprise.com
EMP_1152,johnja_78,arn:aws:iam::112233445566:user/johnjackson,johnjackson@enterprise.com
EMP_1153,thomas_80,arn:aws:iam::112233445566:user/thomasmartinez,thomasmartinez@enterprise.com
EMP_1154,jamesm_62,arn:aws:iam::112233445566:user/jamesmartin,jamesmartin@enterprise.com
EMP_1155,emilyj_11,arn:aws:iam::112233445566:user/emilyjohnson,emilyjohnson@enterprise.com
EMP_1156,richar_12,arn:aws:iam::112233445566:user/richardjones,richardjones@enterprise.com
EMP_1157,joseph_77,arn:aws:iam::112233445566:user/josephgarcia,josephgarcia@enterprise.com
EMP_1158,richar_45,arn:aws:iam::112233445566:user/richardtaylor,richardtaylor@enterprise.com
EMP_1159,thomas_78,arn:aws:iam::112233445566:user/thomasmartinez,thomasmartinez@enterprise.com
EMP_1160,michae_46,arn:aws:iam::112233445566:user/michaeljones,michaeljones@enterprise.com
EMP_1161,charle_ad,arn:aws:iam::112233445566:user/charleslopez,charleslopez@enterprise.com
EMP_1162,emilya_74,arn:aws:iam::112233445566:user/emilyanderson,emilyanderson@enterprise.com
EMP_1163,marylo_99,arn:aws:iam::112233445566:user/marylopez,marylopez@enterprise.com
EMP_1164,christ_96,arn:aws:iam::112233445566:user/christophermoore,christophermoore@enterprise.com
EMP_1165,michae_65,arn:aws:iam::112233445566:user/michaelanderson,michaelanderson@enterprise.com
EMP_1166,davidj_32,arn:aws:iam::112233445566:user/davidjohnson,davidjohnson@enterprise.com
EMP_1167,emilyd_23,arn:aws:iam::112233445566:user/emilydavis,emilydavis@enterprise.com
EMP_1168,richar_22,arn:aws:iam::112233445566:user/richardmoore,richardmoore@enterprise.com
EMP_1169,emilyt_77,arn:aws:iam::112233445566:user/emilythomas,emilythomas@enterprise.com
EMP_1170,richar_29,arn:aws:iam::112233445566:user/richardmiller,richardmiller@enterprise.com
EMP_1171,richar_40,arn:aws:iam::112233445566:user/richardbrown,richardbrown@enterprise.com
EMP_1172,richar_34,arn:aws:iam::112233445566:user/richardjohnson,richardjohnson@enterprise.com
EMP_1173,susanw_89,arn:aws:iam::112233445566:user/susanwilliams,susanwilliams@enterprise.com
EMP_1174,christ_77,arn:aws:iam::112233445566:user/christophersmith,christophersmith@enterprise.com
EMP_1175,jessic_42,arn:aws:iam::112233445566:user/jessicamiller,jessicamiller@enterprise.com
EMP_1176,robert_55,arn:aws:iam::112233445566:user/roberthernandez,roberthernandez@enterprise.com
EMP_1177,lindaj_44,arn:aws:iam::112233445566:user/lindajones,lindajones@enterprise.com
EMP_1178,johnjo_60,arn:aws:iam::112233445566:user/johnjones,johnjones@enterprise.com
EMP_1179,barbar_20,arn:aws:iam::112233445566:user/barbarasmith,barbarasmith@enterprise.com
EMP_1180,joseph_57,arn:aws:iam::112233445566:user/josephtaylor,josephtaylor@enterprise.com
EMP_1181,richar_61,arn:aws:iam::112233445566:user/richardtaylor,richardtaylor@enterprise.com
EMP_1182,robert_68,arn:aws:iam::112233445566:user/robertmartin,robertmartin@enterprise.com
EMP_1183,johnjo_82,arn:aws:iam::112233445566:user/johnjohnson,johnjohnson@enterprise.com
EMP_1184,emilyt_41,arn:aws:iam::112233445566:user/emilythomas,emilythomas@enterprise.com
EMP_1185,barbar_99,arn:aws:iam::112233445566:user/barbaramartin,barbaramartin@enterprise.com
EMP_1186,christ_38,arn:aws:iam::112233445566:user/christopherjackson,christopherjackson@enterprise.com
EMP_1187,christ_48,arn:aws:iam::112233445566:user/christophertaylor,christophertaylor@enterprise.com
EMP_1188,joseph_97,arn:aws:iam::112233445566:user/josephbrown,josephbrown@enterprise.com
EMP_1189,charle_20,arn:aws:iam::112233445566:user/charlesmiller,charlesmiller@enterprise.com
EMP_1190,barbar_93,arn:aws:iam::112233445566:user/barbaraanderson,barbaraanderson@enterprise.com
EMP_1191,barbar_93,arn:aws:iam::112233445566:user/barbarawilson,barbarawilson@enterprise.com
EMP_1192,davidt_14,arn:aws:iam::112233445566:user/davidthomas,davidthomas@enterprise.com
EMP_1193,joseph_21,arn:aws:iam::112233445566:user/josephbrown,josephbrown@enterprise.com
EMP_1194,davidm_61,arn:aws:iam::112233445566:user/davidmoore,davidmoore@enterprise.com
EMP_1195,joseph_58,arn:aws:iam::112233445566:user/josephlopez,josephlopez@enterprise.com
EMP_1196,janema_58,arn:aws:iam::112233445566:user/janemartinez,janemartinez@enterprise.com
EMP_1197,jessic_80,arn:aws:iam::112233445566:user/jessicataylor,jessicataylor@enterprise.com
EMP_1198,robert_70,arn:aws:iam::112233445566:user/robertbrown,robertbrown@enterprise.com
EMP_1199,lindaj_17,arn:aws:iam::112233445566:user/lindajackson,lindajackson@enterprise.com
EMP_1200,christ_91,arn:aws:iam::112233445566:user/christophermartin,christophermartin@enterprise.com
EMP_1201,test-sa-109,arn:aws:iam::112233445566:user/christopherrodriguez,christopherrodriguez@enterprise.com
EMP_1202,willia_99,arn:aws:iam::112233445566:user/williamhernandez,williamhernandez@enterprise.com
EMP_1203,davidj_31,arn:aws:iam::112233445566:user/davidjackson,davidjackson@enterprise.com
EMP_1204,johnwi_ad,arn:aws:iam::112233445566:user/johnwilliams,johnwilliams@enterprise.com
EMP_1205,test-sa-611,arn:aws:iam::112233445566:user/susanhernandez,susanhernandez@enterprise.com
EMP_1206,barbar_65,arn:aws:iam::112233445566:user/barbarajackson,barbarajackson@enterprise.com
EMP_1207,sarahm_92,arn:aws:iam::112233445566:user/sarahmartin,sarahmartin@enterprise.com
EMP_1208,joseph_52,arn:aws:iam::112233445566:user/josephthomas,josephthomas@enterprise.com
EMP_1209,jamest_82,arn:aws:iam::112233445566:user/jamestaylor,jamestaylor@enterprise.com
EMP_1210,willia_22,arn:aws:iam::112233445566:user/williamjackson,williamjackson@enterprise.com
EMP_1211,janeda_77,arn:aws:iam::112233445566:user/janedavis,janedavis@enterprise.com
EMP_1212,jamesm_15,arn:aws:iam::112233445566:user/jamesmartinez,jamesmartinez@enterprise.com
EMP_1213,willia_39,arn:aws:iam::112233445566:user/williamhernandez,williamhernandez@enterprise.com
EMP_1214,joseph_37,arn:aws:iam::112233445566:user/josephgarcia,josephgarcia@enterprise.com
EMP_1215,robert_98,arn:aws:iam::112233445566:user/roberttaylor,roberttaylor@enterprise.com
EMP_1216,michae_82,arn:aws:iam::112233445566:user/michaelgonzalez,michaelgonzalez@enterprise.com
EMP_1217,johnan_70,arn:aws:iam::112233445566:user/johnanderson,johnanderson@enterprise.com
EMP_1218,jessic_44,arn:aws:iam::112233445566:user/jessicagonzalez,jessicagonzalez@enterprise.com
EMP_1219,emilyg_15,arn:aws:iam::112233445566:user/emilygonzalez,emilygonzalez@enterprise.com
EMP_1220,christ_19,arn:aws:iam::112233445566:user/christopheranderson,christopheranderson@enterprise.com
EMP_1221,joseph_97,arn:aws:iam::112233445566:user/josephbrown,josephbrown@enterprise.com
EMP_1222,margar_45,arn:aws:iam::112233445566:user/margaretwilliams,margaretwilliams@enterprise.com
EMP_1223,robert_79,arn:aws:iam::112233445566:user/roberthernandez,roberthernandez@enterprise.com
EMP_1224,emilyt_82,arn:aws:iam::112233445566:user/emilytaylor,emilytaylor@enterprise.com
EMP_1225,richar_94,arn:aws:iam::112233445566:user/richardjones,richardjones@enterprise.com
EMP_1226,jamesg_14,arn:aws:iam::112233445566:user/jamesgarcia,jamesgarcia@enterprise.com
EMP_1227,michae_32,arn:aws:iam::112233445566:user/michaelgarcia,michaelgarcia@enterprise.com
EMP_1228,jessic_50,arn:aws:iam::112233445566:user/jessicajackson,jessicajackson@enterprise.com
EMP_1229,christ_ad,arn:aws:iam::112233445566:user/christopherhernandez,christopherhernandez@enterprise.com
EMP_1230,michae_36,arn:aws:iam::112233445566:user/michaelthomas,michaelthomas@enterprise.com
EMP_1231,lindaj_85,arn:aws:iam::112233445566:user/lindajackson,lindajackson@enterprise.com
EMP_1232,willia_28,arn:aws:iam::112233445566:user/williamanderson,williamanderson@enterprise.com
EMP_1233,willia_60,arn:aws:iam::112233445566:user/williamwilliams,williamwilliams@enterprise.com
EMP_1234,margar_19,arn:aws:iam::112233445566:user/margaretgonzalez,margaretgonzalez@enterprise.com
EMP_1235,janean_ad,arn:aws:iam::112233445566:user/janeanderson,janeanderson@enterprise.com
EMP_1236,,,
EMP_1237,barbar_82,arn:aws:iam::112233445566:user/barbarawilliams,barbarawilliams@enterprise.com
EMP_1238,robert_40,arn:aws:iam::112233445566:user/robertanderson,robertanderson@enterprise.com
EMP_1239,sarahl_82,arn:aws:iam::112233445566:user/sarahlopez,sarahlopez@enterprise.com
EMP_1240,barbar_59,arn:aws:iam::112233445566:user/barbaramartin,barbaramartin@enterprise.com
EMP_1241,emilym_96,arn:aws:iam::112233445566:user/emilymoore,emilymoore@enterprise.com
EMP_1242,christ_79,arn:aws:iam::112233445566:user/christopherjones,christopherjones@enterprise.com
EMP_1243,davidl_52,arn:aws:iam::112233445566:user/davidlopez,davidlopez@enterprise.com
EMP_1244,maryjo_59,arn:aws:iam::112233445566:user/maryjones,maryjones@enterprise.com
EMP_1245,willia_27,arn:aws:iam::112233445566:user/williammoore,williammoore@enterprise.com
EMP_1246,davidt_98,arn:aws:iam::112233445566:user/davidtaylor,davidtaylor@enterprise.com
EMP_1247,johnlo_20,arn:aws:iam::112233445566:user/johnlopez,johnlopez@enterprise.com
EMP_1248,barbar_74,arn:aws:iam::112233445566:user/barbarathomas,barbarathomas@enterprise.com
EMP_1249,michae_54,arn:aws:iam::112233445566:user/michaelmartinez,michaelmartinez@enterprise.com
EMP_1250,charle_16,arn:aws:iam::112233445566:user/charlestaylor,charlestaylor@enterprise.com
EMP_1251,christ_22,arn:aws:iam::112233445566:user/christopherjones,christopherjones@enterprise.com
EMP_1252,sarahm_65,arn:aws:iam::112233445566:user/sarahmartin,sarahmartin@enterprise.com
EMP_1253,janewi_39,arn:aws:iam::112233445566:user/janewilson,janewilson@enterprise.com
EMP_1254,susanm_19,arn:aws:iam::112233445566:user/susanmartin,susanmartin@enterprise.com
EMP_1255,robert_53,arn:aws:iam::112233445566:user/robertmoore,robertmoore@enterprise.com
EMP_1256,jamesl_87,arn:aws:iam::112233445566:user/jameslopez,jameslopez@enterprise.com
EMP_1257,willia_88,arn:aws:iam::112233445566:user/williamgonzalez,williamgonzalez@enterprise.com
EMP_1258,jamesm_86,arn:aws:iam::112233445566:user/jamesmartin,jamesmartin@enterprise.com
EMP_1259,thomas_60,arn:aws:iam::112233445566:user/thomaslopez,thomaslopez@enterprise.com
EMP_1260,michae_51,arn:aws:iam::112233445566:user/michaelgarcia,michaelgarcia@enterprise.com
EMP_1261,joseph_13,arn:aws:iam::112233445566:user/josephwilliams,josephwilliams@enterprise.com
EMP_1262,joseph_91,arn:aws:iam::112233445566:user/josephjohnson,josephjohnson@enterprise.com
EMP_1263,marywi_44,arn:aws:iam::112233445566:user/marywilliams,marywilliams@enterprise.com
EMP_1264,emilyh_67,arn:aws:iam::112233445566:user/emilyhernandez,emilyhernandez@enterprise.com
EMP_1265,willia_72,arn:aws:iam::112233445566:user/williamthomas,williamthomas@enterprise.com
EMP_1266,christ_39,arn:aws:iam::112233445566:user/christophersmith,christophersmith@enterprise.com
EMP_1267,,,
EMP_1268,willia_80,arn:aws:iam::112233445566:user/williamdavis,williamdavis@enterprise.com
EMP_1269,joseph_58,arn:aws:iam::112233445566:user/josephmartin,josephmartin@enterprise.com
EMP_1270,thomas_65,arn:aws:iam::112233445566:user/thomasmartin,thomasmartin@enterprise.com
EMP_1271,robert_33,arn:aws:iam::112233445566:user/robertjones,robertjones@enterprise.com
EMP_1272,richar_97,arn:aws:iam::112233445566:user/richarddavis,richarddavis@enterprise.com
EMP_1273,michae_84,arn:aws:iam::112233445566:user/michaeltaylor,michaeltaylor@enterprise.com
EMP_1274,margar_94,arn:aws:iam::112233445566:user/margarettaylor,margarettaylor@enterprise.com
EMP_1275,thomas_58,arn:aws:iam::112233445566:user/thomasjohnson,thomasjohnson@enterprise.com
EMP_1276,,,
EMP_1277,emilyj_89,arn:aws:iam::112233445566:user/emilyjackson,emilyjackson@enterprise.com
EMP_1278,richar_47,arn:aws:iam::112233445566:user/richardmoore,richardmoore@enterprise.com
EMP_1279,susant_41,arn:aws:iam::112233445566:user/susanthomas,susanthomas@enterprise.com
EMP_1280,susanj_19,arn:aws:iam::112233445566:user/susanjohnson,susanjohnson@enterprise.com
EMP_1281,jamesj_20,arn:aws:iam::112233445566:user/jamesjohnson,jamesjohnson@enterprise.com
EMP_1282,charle_44,arn:aws:iam::112233445566:user/charlesthomas,charlesthomas@enterprise.com
EMP_1283,richar_29,arn:aws:iam::112233445566:user/richardjohnson,richardjohnson@enterprise.com
EMP_1284,emilyl_58,arn:aws:iam::112233445566:user/emilylopez,emilylopez@enterprise.com
EMP_1285,barbar_91,arn:aws:iam::112233445566:user/barbaragarcia,barbaragarcia@enterprise.com
EMP_1286,margar_29,arn:aws:iam::112233445566:user/margaretrodriguez,margaretrodriguez@enterprise.com
EMP_1287,joseph_59,arn:aws:iam::112233445566:user/josephmartin,josephmartin@enterprise.com
EMP_1288,barbar_50,arn:aws:iam::112233445566:user/barbarabrown,barbarabrown@enterprise.com
EMP_1289,susanm_56,arn:aws:iam::112233445566:user/susanmartin,susanmartin@enterprise.com
EMP_1290,,,
EMP_1291,lindaj_21,arn:aws:iam::112233445566:user/lindajohnson,lindajohnson@enterprise.com
EMP_1292,sarahs_10,arn:aws:iam::112233445566:user/sarahsmith,sarahsmith@enterprise.com
EMP_1293,michae_49,arn:aws:iam::112233445566:user/michaeldavis,michaeldavis@enterprise.com
EMP_1294,maryja_66,arn:aws:iam::112233445566:user/maryjackson,maryjackson@enterprise.com
EMP_1295,richar_56,arn:aws:iam::112233445566:user/richardanderson,richardanderson@enterprise.com
EMP_1296,margar_44,arn:aws:iam::112233445566:user/margaretlopez,margaretlopez@enterprise.com
EMP_1297,emilys_23,arn:aws:iam::112233445566:user/emilysmith,emilysmith@enterprise.com
EMP_1298,marymo_26,arn:aws:iam::112233445566:user/marymoore,marymoore@enterprise.com
EMP_1299,susanm_21,arn:aws:iam::112233445566:user/susanmiller,susanmiller@enterprise.com
EMP_1300,emilyj_33,arn:aws:iam::112233445566:user/emilyjones,emilyjones@enterprise.com
EMP_1301,susanw_65,arn:aws:iam::112233445566:user/susanwilliams,susanwilliams@enterprise.com
EMP_1302,test-sa-559,arn:aws:iam::112233445566:user/richardwilliams,richardwilliams@enterprise.com
EMP_1303,sarahg_81,arn:aws:iam::112233445566:user/sarahgarcia,sarahgarcia@enterprise.com
EMP_1304,emilym_81,arn:aws:iam::112233445566:user/emilymiller,emilymiller@enterprise.com
EMP_1305,thomas_75,arn:aws:iam::112233445566:user/thomassmith,thomassmith@enterprise.com
EMP_1306,susanm_62,arn:aws:iam::112233445566:user/susanmoore,susanmoore@enterprise.com
EMP_1307,maryth_23,arn:aws:iam::112233445566:user/marythomas,marythomas@enterprise.com
EMP_1308,jessic_13,arn:aws:iam::112233445566:user/jessicawilliams,jessicawilliams@enterprise.com
EMP_1309,susant_21,arn:aws:iam::112233445566:user/susantaylor,susantaylor@enterprise.com
EMP_1310,jessic_55,arn:aws:iam::112233445566:user/jessicagarcia,jessicagarcia@enterprise.com
EMP_1311,janebr_80,arn:aws:iam::112233445566:user/janebrown,janebrown@enterprise.com
EMP_1312,,,
EMP_1313,,,
EMP_1314,christ_86,arn:aws:iam::112233445566:user/christophermoore,christophermoore@enterprise.com
EMP_1315,davidg_51,arn:aws:iam::112233445566:user/davidgarcia,davidgarcia@enterprise.com
EMP_1316,jessic_59,arn:aws:iam::112233445566:user/jessicajohnson,jessicajohnson@enterprise.com
EMP_1317,jessic_11,arn:aws:iam::112233445566:user/jessicarodriguez,jessicarodriguez@enterprise.com
EMP_1318,christ_47,arn:aws:iam::112233445566:user/christophersmith,christophersmith@enterprise.com
EMP_1319,,,
EMP_1320,janega_59,arn:aws:iam::112233445566:user/janegarcia,janegarcia@enterprise.com
EMP_1321,jamesh_20,arn:aws:iam::112233445566:user/jameshernandez,jameshernandez@enterprise.com
EMP_1322,barbar_81,arn:aws:iam::112233445566:user/barbaralopez,barbaralopez@enterprise.com
EMP_1323,charle_41,arn:aws:iam::112233445566:user/charlesbrown,charlesbrown@enterprise.com
EMP_1324,lindaa_83,arn:aws:iam::112233445566:user/lindaanderson,lindaanderson@enterprise.com
EMP_1325,willia_76,arn:aws:iam::112233445566:user/williamgonzalez,williamgonzalez@enterprise.com
EMP_1326,sarahh_31,arn:aws:iam::112233445566:user/sarahhernandez,sarahhernandez@enterprise.com
EMP_1327,,,
EMP_1328,thomas_58,arn:aws:iam::112233445566:user/thomassmith,thomassmith@enterprise.com
EMP_1329,robert_31,arn:aws:iam::112233445566:user/robertmiller,robertmiller@enterprise.com
EMP_1330,willia_27,arn:aws:iam::112233445566:user/williamthomas,williamthomas@enterprise.com
EMP_1331,charle_44,arn:aws:iam::112233445566:user/charlessmith,charlessmith@enterprise.com
EMP_1332,lindal_48,arn:aws:iam::112233445566:user/lindalopez,lindalopez@enterprise.com
EMP_1333,maryjo_44,arn:aws:iam::112233445566:user/maryjohnson,maryjohnson@enterprise.com
EMP_1334,charle_73,arn:aws:iam::112233445566:user/charlesmartinez,charlesmartinez@enterprise.com
EMP_1335,charle_28,arn:aws:iam::112233445566:user/charlesrodriguez,charlesrodriguez@enterprise.com
EMP_1336,davidb_18,arn:aws:iam::112233445566:user/davidbrown,davidbrown@enterprise.com
EMP_1337,richar_31,arn:aws:iam::112233445566:user/richardjones,richardjones@enterprise.com
EMP_1338,test-sa-545,arn:aws:iam::112233445566:user/janejohnson,janejohnson@enterprise.com
EMP_1339,susanj_45,arn:aws:iam::112233445566:user/susanjones,susanjones@enterprise.com
EMP_1340,christ_63,arn:aws:iam::112233445566:user/christopherhernandez,christopherhernandez@enterprise.com
EMP_1341,willia_48,arn:aws:iam::112233445566:user/williamjackson,williamjackson@enterprise.com
EMP_1342,thomas_71,arn:aws:iam::112233445566:user/thomasjackson,thomasjackson@enterprise.com
EMP_1343,barbar_19,arn:aws:iam::112233445566:user/barbarabrown,barbarabrown@enterprise.com
EMP_1344,johnma_56,arn:aws:iam::112233445566:user/johnmartin,johnmartin@enterprise.com
EMP_1345,jessic_42,arn:aws:iam::112233445566:user/jessicajackson,jessicajackson@enterprise.com
EMP_1346,saraht_41,arn:aws:iam::112233445566:user/sarahtaylor,sarahtaylor@enterprise.com
EMP_1347,maryjo_90,arn:aws:iam::112233445566:user/maryjones,maryjones@enterprise.com
EMP_1348,jessic_73,arn:aws:iam::112233445566:user/jessicabrown,jessicabrown@enterprise.com
EMP_1349,joseph_86,arn:aws:iam::112233445566:user/josephjones,josephjones@enterprise.com
